Library, Design Unit ,Compile time , Hardware Gen ,Optimization Stg1 ,Optimization Stg2 , Peak Mem Usage, Incr Mem Usage, Hardware Gen ,Optimization Stg1 ,Optimization Stg2
work, cva6_logic_ar_chan_t_aw_chan_t_w_chan_t_req_t_resp_t_0_Z38_layer0,0h:00m:07s,0h:00m:07s,0h:00m:00s,0h:00m:00s,   260 MB,    11 MB,    11 MB,     0 MB,     0 MB
work, csr_regfile_1s_6s_1075056897_36_layer0,0h:00m:01s,0h:00m:00s,0h:00m:00s,0h:00m:01s,   301 MB,    36 MB,     3 MB,    16 MB,    17 MB
work, load_store_unit_1s_25_layer0,0h:00m:03s,0h:00m:03s,0h:00m:00s,0h:00m:00s,   301 MB,     2 MB,     2 MB,     0 MB,     0 MB
work, scoreboard_rs3_len_t_2_0_4s_2s_10_layer0,0h:00m:14s,0h:00m:10s,0h:00m:00s,0h:00m:03s,   343 MB,    53 MB,    18 MB,     9 MB,    26 MB
work, frontend_3_layer0,0h:00m:02s,0h:00m:01s,0h:00m:00s,0h:00m:00s,   343 MB,    13 MB,     8 MB,     5 MB,     0 MB
