<?xml version="1.0" encoding="utf-8"?> 
<!-- 
  Synopsys, Inc.
  Version V-2023.09LR-1
  Project file C:\code\cva6-softcore-contest-joshloo\cva6-softcore-contest\corev_apu\fpga\lattice\radiantproject\StandaloneRiscv\impl_1\syntmp\run_option.xml
  Written on Mon Oct 28 11:46:48 2024


--> 
<project_attribute_list name="Project Settings"> 
     <option name="project_name" display_name="Project Name">proj_1</option>
     <option name="device_name" display_name="Device Name">impl_1: Lattice LAV-AT : LAV_AT_E70ES1</option>
     <option name="impl_name" display_name="Implementation Name">impl_1</option>
     <option name="top_module" display_name="Top Module">ariane</option>
     <option name="pipe" display_name="Pipelining">1</option>
     <option name="retiming" display_name="Retiming">0</option>
     <option name="resource_sharing" display_name="Resource Sharing">1</option>
     <option name="maxfan" display_name="Fanout Guide">1000</option>
     <option name="disable_io_insertion" display_name="Disable I/O Insertion">0</option>
     <option name="no_sequential_opt" display_name="Disable Sequential Optimizations">0</option>
     <option name="fix_gated_and_generated_clocks" display_name="Clock Conversion">0</option>
     <option name="symbolic_fsm_compiler" display_name="FSM Compiler">1</option>
</project_attribute_list>

